Tanggal,NO2
2023-01-01,
2023-01-02,
2023-01-03,
2023-01-04,3.408989e-05
2023-01-05,3.128635e-05
2023-01-06,
2023-01-07,
2023-01-08,4.8764014e-05
2023-01-09,
2023-01-10,4.888619e-05
2023-01-11,5.318101e-05
2023-01-12,6.530125e-06
2023-01-13,2.5532952e-05
2023-01-14,3.4040328e-05
2023-01-15,4.580525e-06
2023-01-16,
2023-01-17,2.2686761e-05
2023-01-18,
2023-01-19,
2023-01-20,
2023-01-21,
2023-01-22,
2023-01-23,
2023-01-24,
2023-01-25,
2023-01-26,
2023-01-27,
2023-01-28,
2023-01-29,
2023-01-30,
2023-01-31,
2023-02-01,
2023-02-02,
2023-02-03,
2023-02-04,
2023-02-05,
2023-02-06,
2023-02-07,
2023-02-08,
2023-02-09,3.7524147e-05
2023-02-10,
2023-02-11,
2023-02-12,
2023-02-13,
2023-02-14,
2023-02-15,
2023-02-16,
2023-02-17,
2023-02-18,
2023-02-19,
2023-02-20,5.63414e-05
2023-02-21,
2023-02-22,
2023-02-23,
2023-02-24,2.6898699e-05
2023-02-25,
2023-02-26,
2023-02-27,
2023-02-28,
2023-03-01,
2023-03-02,
2023-03-03,2.0006337e-05
2023-03-04,
2023-03-05,
2023-03-06,3.365425e-05
2023-03-07,3.5338788e-05
2023-03-08,
2023-03-09,
2023-03-10,1.112897e-05
2023-03-11,4.3899936e-07
2023-03-12,
2023-03-13,
2023-03-14,
2023-03-15,
2023-03-16,
2023-03-17,
2023-03-18,
2023-03-19,
2023-03-20,
2023-03-21,2.2086248e-05
2023-03-22,
2023-03-23,
2023-03-24,
2023-03-25,
2023-03-26,
2023-03-27,
2023-03-28,
2023-03-29,
2023-03-30,
2023-03-31,
2023-04-01,
2023-04-02,
2023-04-03,
2023-04-04,
2023-04-05,
2023-04-06,
2023-04-07,
2023-04-08,
2023-04-09,4.8854723e-05
2023-04-10,
2023-04-11,5.5385517e-05
2023-04-12,5.3047235e-05
2023-04-13,
2023-04-14,2.5955092e-05
2023-04-15,2.3718168e-05
2023-04-16,
2023-04-17,
2023-04-18,
2023-04-19,1.5705155e-05
2023-04-20,
2023-04-21,
2023-04-22,
2023-04-23,8.517032e-06
2023-04-24,1.3543506e-05
2023-04-25,
2023-04-26,
2023-04-27,
2023-04-28,
2023-04-29,
2023-04-30,
2023-05-01,
2023-05-02,
2023-05-03,
2023-05-04,1.1472951e-05
2023-05-05,1.8312074e-05
2023-05-06,3.3414173e-05
2023-05-07,2.3571407e-05
2023-05-08,1.5639402e-05
2023-05-09,
2023-05-10,
2023-05-11,
2023-05-12,1.0079972e-05
2023-05-13,3.17103e-05
2023-05-14,6.391637e-06
2023-05-15,2.4388997e-05
2023-05-16,3.6433452e-05
2023-05-17,1.8303499e-05
2023-05-18,1.2638443e-05
2023-05-19,
2023-05-20,3.4797504e-05
2023-05-21,1.4349613e-05
2023-05-22,9.115847e-06
2023-05-23,2.563797e-05
2023-05-24,1.5873877e-05
2023-05-25,3.0558072e-05
2023-05-26,2.9391595e-05
2023-05-27,2.3101844e-05
2023-05-28,1.801391e-05
2023-05-29,9.059782e-06
2023-05-30,1.6534086e-05
2023-05-31,8.356284e-06
2023-06-01,
2023-06-02,4.3416156e-05
2023-06-03,
2023-06-04,2.4801242e-05
2023-06-05,
2023-06-06,2.8158176e-05
2023-06-07,
2023-06-08,1.7996023e-05
2023-06-09,2.6244677e-05
2023-06-10,3.5320343e-05
2023-06-11,
2023-06-12,1.4371748e-05
2023-06-13,2.6965283e-05
2023-06-14,3.2612897e-05
2023-06-15,1.1796599e-05
2023-06-16,1.3186495e-05
2023-06-17,1.9296136e-05
2023-06-18,
2023-06-19,2.4340461e-05
2023-06-20,2.724137e-05
2023-06-21,1.656481e-05
2023-06-22,2.8654793e-05
2023-06-23,1.5249351e-05
2023-06-24,2.3701996e-05
2023-06-25,2.7458405e-05
2023-06-26,4.4841716e-05
2023-06-27,1.952245e-05
2023-06-28,2.7451724e-05
2023-06-29,2.0102112e-05
2023-06-30,1.0046642e-05
2023-07-01,2.3199782e-05
2023-07-02,2.33674e-05
2023-07-03,
2023-07-04,3.4695287e-05
2023-07-05,3.6123285e-05
2023-07-06,2.9041556e-05
2023-07-07,
2023-07-08,
2023-07-09,1.1881479e-05
2023-07-10,2.033263e-05
2023-07-11,8.269569e-06
2023-07-12,4.0545456e-05
2023-07-13,
2023-07-14,2.3472538e-05
2023-07-15,4.1612897e-05
2023-07-16,2.0338035e-05
2023-07-17,2.7907216e-05
2023-07-18,4.4762208e-05
2023-07-19,2.2380682e-05
2023-07-20,2.6609114e-05
2023-07-21,2.4599683e-05
2023-07-22,2.6457095e-05
2023-07-23,1.2231813e-05
2023-07-24,2.74977e-05
2023-07-25,3.2808523e-05
2023-07-26,2.4451234e-05
2023-07-27,1.450629e-05
2023-07-28,1.09926705e-05
2023-07-29,3.0824645e-05
2023-07-30,2.605834e-05
2023-07-31,2.5807467e-05
2023-08-01,1.2797412e-05
2023-08-02,1.985776e-05
2023-08-03,1.898494e-05
2023-08-04,6.788576e-06
2023-08-05,2.9319972e-05
2023-08-06,
2023-08-07,-1.692505e-05
2023-08-08,1.3938103e-05
2023-08-09,1.999905e-05
2023-08-10,3.878638e-05
2023-08-11,2.9573052e-05
2023-08-12,1.121757e-05
2023-08-13,2.2139622e-05
2023-08-14,3.13583e-05
2023-08-15,1.662485e-05
2023-08-16,9.95213e-06
2023-08-17,1.9926207e-05
2023-08-18,2.6080705e-05
2023-08-19,1.824382e-05
2023-08-20,2.2461043e-05
2023-08-21,
2023-08-22,1.8957944e-05
2023-08-23,9.474766e-06
2023-08-24,3.693821e-05
2023-08-25,2.3923036e-05
2023-08-26,1.638805e-05
2023-08-27,1.9356212e-05
2023-08-28,2.0825191e-05
2023-08-29,2.536684e-05
2023-08-30,1.0949804e-05
2023-08-31,2.4469831e-05
2023-09-01,8.699277e-06
2023-09-02,1.6198266e-05
2023-09-03,2.1576228e-05
2023-09-04,1.23892105e-05
2023-09-05,1.6895458e-05
2023-09-06,3.4803903e-05
2023-09-07,3.1970056e-05
2023-09-08,2.1197455e-05
2023-09-09,3.2714128e-05
2023-09-10,1.7449915e-05
2023-09-11,
2023-09-12,2.283312e-05
2023-09-13,8.330669e-06
2023-09-14,-2.1844742e-06
2023-09-15,1.4451304e-05
2023-09-16,4.070826e-06
2023-09-17,2.0682646e-05
2023-09-18,2.2741382e-05
2023-09-19,1.5599497e-05
2023-09-20,1.6593513e-05
2023-09-21,1.567833e-05
2023-09-22,2.677656e-05
2023-09-23,2.8749007e-05
2023-09-24,1.4843846e-05
2023-09-25,1.373743e-05
2023-09-26,1.7891385e-05
2023-09-27,-3.14781e-06
2023-09-28,2.7625494e-05
2023-09-29,2.000153e-05
2023-09-30,2.9649638e-05
2023-10-01,2.3792693e-06
2023-10-02,1.0709109e-05
2023-10-03,2.5844918e-05
2023-10-04,1.2819242e-05
2023-10-05,3.109184e-05
2023-10-06,3.7994498e-05
2023-10-07,8.585888e-06
2023-10-08,1.57607e-05
2023-10-09,2.826173e-06
2023-10-10,1.6903667e-05
2023-10-11,1.9168396e-05
2023-10-12,1.9004641e-05
2023-10-13,
2023-10-14,
2023-10-15,
2023-10-16,1.721315e-05
2023-10-17,3.2945427e-05
2023-10-18,2.684439e-05
2023-10-19,1.5693235e-05
2023-10-20,1.9167253e-05
2023-10-21,2.756558e-05
2023-10-22,2.9716937e-05
2023-10-23,
2023-10-24,1.648464e-05
2023-10-25,
2023-10-26,1.972413e-05
2023-10-27,2.759237e-05
2023-10-28,2.6651238e-05
2023-10-29,1.8035493e-05
2023-10-30,
2023-10-31,
2023-11-01,2.153001e-05
2023-11-02,1.725306e-05
2023-11-03,
2023-11-04,
2023-11-05,3.101395e-05
2023-11-06,4.4903434e-05
2023-11-07,
2023-11-08,5.26195e-05
2023-11-09,4.9188588e-05
2023-11-10,
2023-11-12,
2023-11-13,2.0896916e-05
2023-11-14,
2023-11-15,3.467198e-05
2023-11-16,1.8450957e-05
2023-11-17,5.653868e-05
2023-11-18,
2023-11-19,1.985121e-05
2023-11-20,1.6001262e-05
2023-11-21,-9.695182e-07
2023-11-22,-9.923728e-06
2023-11-23,
2023-11-24,
2023-11-25,
2023-11-26,3.1090436e-05
2023-11-27,
2023-11-28,
2023-11-29,
2023-11-30,
2023-12-01,
2023-12-02,
2023-12-03,
2023-12-04,
2023-12-05,1.7799206e-05
2023-12-06,
2023-12-07,
2023-12-08,
2023-12-09,
2023-12-10,
2023-12-11,5.0785122e-05
2023-12-12,3.0408539e-05
2023-12-13,
2023-12-14,
2023-12-15,
2023-12-16,
2023-12-17,4.0853007e-05
2023-12-18,2.4292724e-05
2023-12-19,2.9593484e-05
2023-12-20,5.415137e-05
2023-12-21,
2023-12-22,
2023-12-23,1.6122343e-06
2023-12-24,
2023-12-25,
2023-12-26,
2023-12-27,
2023-12-28,
2023-12-29,3.8179616e-05
2023-12-30,1.7775577e-05
2023-12-31,2.100946e-05
2024-01-02,
2024-01-03,
2024-01-04,
2024-01-05,4.6282323e-05
2024-01-06,
2024-01-07,
2024-01-08,
2024-01-09,4.394099e-05
2024-01-10,
2024-01-11,
2024-01-12,2.497147e-05
2024-01-13,4.8627044e-05
2024-01-14,
2024-01-15,
2024-01-16,
2024-01-17,
2024-01-18,
2024-01-19,
2024-01-20,
2024-01-21,
2024-01-22,
2024-01-23,
2024-01-24,
2024-01-25,2.7009326e-05
2024-01-26,
2024-01-27,
2024-01-28,
2024-01-29,
2024-01-30,
2024-01-31,1.8668314e-05
2024-02-01,4.7762263e-05
2024-02-02,
2024-02-03,
2024-02-04,
2024-02-05,
2024-02-06,5.9296544e-05
2024-02-07,
2024-02-08,
2024-02-09,1.9491888e-05
2024-02-10,
2024-02-11,
2024-02-12,5.2641364e-05
2024-02-13,
2024-02-14,
2024-02-15,
2024-02-16,
2024-02-17,
2024-02-18,
2024-02-19,
2024-02-20,3.197163e-05
2024-02-21,4.1099764e-05
2024-02-22,2.811863e-05
2024-02-23,
2024-02-24,
2024-02-25,
2024-02-26,6.2401996e-05
2024-02-27,
2024-02-28,
2024-02-29,
2024-03-01,
2024-03-02,
2024-03-03,4.4127803e-05
2024-03-04,
2024-03-05,
2024-03-06,2.0670961e-05
2024-03-07,
2024-03-08,2.3150782e-05
2024-03-09,
2024-03-10,
2024-03-11,
2024-03-12,
2024-03-13,
2024-03-14,
2024-03-15,
2024-03-16,
2024-03-17,
2024-03-18,
2024-03-19,3.6348283e-05
2024-03-20,
2024-03-21,
2024-03-22,
2024-03-24,
2024-03-25,
2024-03-26,7.046172e-06
2024-03-27,2.3756005e-05
2024-03-28,
2024-03-29,1.38433925e-05
2024-03-30,3.5540306e-05
2024-03-31,3.5014318e-06
2024-04-01,
2024-04-02,
2024-04-03,2.7962707e-05
2024-04-04,-6.6312793e-07
2024-04-05,
2024-04-06,
2024-04-07,
2024-04-08,
2024-04-09,
2024-04-10,
2024-04-11,
2024-04-12,
2024-04-13,
2024-04-14,
2024-04-15,
2024-04-16,1.3110013e-05
2024-04-17,
2024-04-18,1.5921903e-05
2024-04-19,
2024-04-20,5.6809745e-06
2024-04-21,
2024-04-22,
2024-04-23,
2024-04-24,
2024-04-25,
2024-04-26,
2024-04-27,
2024-04-28,1.7129922e-05
2024-04-29,
2024-04-30,1.8619146e-05
2024-05-01,7.33278e-06
2024-05-02,1.7576944e-05
2024-05-03,1.8660263e-05
2024-05-04,3.1876785e-05
2024-05-05,2.013236e-05
2024-05-06,1.58537e-05
2024-05-07,1.8773979e-05
2024-05-08,
2024-05-09,
2024-05-10,6.773122e-06
2024-05-11,2.2338498e-05
2024-05-12,1.4953072e-05
2024-05-13,
2024-05-14,8.135696e-06
2024-05-15,4.998293e-06
2024-05-16,2.08137e-05
2024-05-17,1.0058077e-05
2024-05-18,1.8803466e-05
2024-05-19,1.3611986e-05
2024-05-20,1.0715049e-05
2024-05-21,2.0561069e-05
2024-05-22,
2024-05-23,
2024-05-24,
2024-05-25,1.4895014e-05
2024-05-26,1.7501965e-05
2024-05-27,
2024-05-28,
2024-05-29,3.8716903e-06
2024-05-30,2.5325167e-05
2024-05-31,5.645758e-06
2024-06-01,1.6158212e-05
2024-06-02,
2024-06-03,2.3999191e-05
2024-06-04,
2024-06-05,3.060128e-05
2024-06-06,2.5609284e-05
2024-06-07,2.2790264e-05
2024-06-08,1.7968083e-05
2024-06-09,
2024-06-10,2.7214523e-05
2024-06-11,1.2301064e-05
2024-06-12,
2024-06-13,
2024-06-14,
2024-06-15,
2024-06-16,8.911998e-06
2024-06-17,
2024-06-18,2.8870198e-05
2024-06-19,1.2803397e-05
2024-06-20,1.43297775e-05
2024-06-21,3.0599775e-05
2024-06-22,1.3990269e-05
2024-06-23,2.1727006e-05
2024-06-24,
2024-06-25,
2024-06-26,6.1629207e-06
2024-06-27,9.623944e-06
2024-06-28,
2024-06-29,3.263339e-05
2024-06-30,2.6245374e-05
2024-07-01,4.6522717e-05
2024-07-02,
2024-07-03,
2024-07-04,
2024-07-05,
2024-07-06,-1.5265077e-05
2024-07-07,1.0268116e-05
2024-07-08,1.6808704e-05
2024-07-09,4.169831e-05
2024-07-10,1.1974115e-05
2024-07-11,2.822756e-05
2024-07-12,2.3606612e-05
2024-07-13,1.8936827e-05
2024-07-14,2.1106638e-05
2024-07-15,2.9960669e-05
2024-07-16,1.5850303e-05
2024-07-17,1.4606126e-05
2024-07-18,2.1737307e-05
2024-07-19,4.0688046e-05
2024-07-20,3.2724412e-05
2024-07-21,2.0181653e-05
2024-07-22,1.3024524e-05
2024-07-23,2.1320067e-05
2024-07-24,3.5769583e-05
2024-07-25,3.512209e-05
2024-07-26,2.0832227e-05
2024-07-27,
2024-07-28,8.1971175e-06
2024-07-29,3.2543307e-05
2024-07-30,5.6424775e-05
2024-07-31,
2024-08-01,
2024-08-02,2.1850678e-05
2024-08-03,1.2484562e-05
2024-08-04,2.7572754e-05
2024-08-05,3.058126e-05
2024-08-06,3.375056e-05
2024-08-07,
2024-08-08,2.1375861e-05
2024-08-09,8.259993e-06
2024-08-10,2.7117692e-05
2024-08-11,2.2812052e-05
2024-08-13,2.7580101e-05
2024-08-14,6.333836e-06
2024-08-15,4.6668163e-05
2024-08-16,2.4303841e-05
2024-08-17,9.078878e-06
2024-08-18,2.563116e-05
2024-08-19,3.6946778e-05
2024-08-20,1.7735445e-05
2024-08-21,3.5193276e-05
2024-08-22,3.296311e-05
2024-08-23,-1.1780977e-05
2024-08-24,1.5409856e-05
2024-08-25,1.9638723e-05
2024-08-26,2.0117886e-05
2024-08-27,1.6526328e-05
2024-08-28,
2024-08-29,3.107802e-05
2024-08-30,3.9242605e-05
2024-08-31,2.7698693e-06
2024-09-01,1.8618826e-05
2024-09-02,3.930892e-06
2024-09-03,-4.3567965e-07
2024-09-04,
2024-09-05,1.3869698e-05
2024-09-06,2.7634867e-05
2024-09-07,1.3322036e-05
2024-09-08,
2024-09-09,1.5723374e-06
2024-09-10,
2024-09-11,
2024-09-12,3.5712135e-05
2024-09-13,-1.9070752e-06
2024-09-14,2.2780525e-05
2024-09-15,2.8194696e-05
2024-09-16,4.0207546e-05
2024-09-17,4.7621823e-05
2024-09-18,3.0167728e-05
2024-09-19,9.616711e-05
2024-09-20,8.807103e-06
2024-09-21,2.1573287e-05
2024-09-22,1.1818009e-05
2024-09-23,
2024-09-24,
2024-09-25,
2024-09-26,
2024-09-27,
2024-09-28,2.2079328e-05
2024-09-29,1.5212719e-05
2024-09-30,
2024-10-01,
2024-10-02,2.4797246e-05
2024-10-03,
2024-10-04,1.7968958e-05
2024-10-05,1.1768473e-05
2024-10-06,5.449423e-06
2024-10-07,9.584249e-06
2024-10-08,2.5128582e-05
2024-10-09,-2.826859e-06
2024-10-10,2.8218037e-05
2024-10-11,
2024-10-12,1.5742891e-05
2024-10-13,2.5491145e-05
2024-10-14,2.0262374e-05
2024-10-15,
2024-10-16,2.7579661e-05
2024-10-17,7.586516e-05
2024-10-18,1.8091207e-05
2024-10-19,
2024-10-20,
2024-10-21,
2024-10-22,
2024-10-23,8.722267e-06
2024-10-24,
2024-10-25,5.0197606e-05
2024-10-26,2.5398347e-05
2024-10-27,2.6172522e-05
2024-10-28,2.1833483e-05
2024-10-29,3.1286272e-05
2024-10-30,
2024-10-31,
2024-11-01,
2024-11-02,2.2935685e-05
2024-11-03,
2024-11-04,
2024-11-05,1.556278e-05
2024-11-06,
2024-11-07,
2024-11-08,
2024-11-09,2.3829103e-05
2024-11-10,
2024-11-11,
2024-11-12,
2024-11-13,
2024-11-14,
2024-11-15,
2024-11-16,
2024-11-17,
2024-11-18,
2024-11-19,
2024-11-20,
2024-11-21,
2024-11-22,
2024-11-23,
2024-11-24,
2024-11-25,
2024-11-26,
2024-11-27,
2024-11-28,
2024-11-29,
2024-11-30,
2024-12-01,
2024-12-02,
2024-12-03,2.3660134e-05
2024-12-04,
2024-12-05,
2024-12-06,
2024-12-07,
2024-12-08,
2024-12-09,
2024-12-10,
2024-12-11,
2024-12-12,
2024-12-13,3.63854e-05
2024-12-14,
2024-12-15,
2024-12-16,
2024-12-17,
2024-12-18,
2024-12-19,3.479794e-05
2024-12-20,
2024-12-21,
2024-12-22,
2024-12-23,2.8424925e-05
2024-12-24,
2024-12-25,
2024-12-26,
2024-12-27,
2024-12-28,
2024-12-29,1.5967102e-05
2024-12-30,7.931582e-06
2024-12-31,
2025-01-01,
2025-01-02,
2025-01-03,4.741922e-05
2025-01-04,
2025-01-05,
2025-01-06,3.7517624e-05
2025-01-07,2.8246612e-05
2025-01-08,
2025-01-09,3.0225761e-05
2025-01-10,
2025-01-11,4.2384378e-05
2025-01-12,
2025-01-13,
2025-01-14,
2025-01-15,
2025-01-16,
2025-01-17,
2025-01-18,
2025-01-19,
2025-01-20,
2025-01-21,
2025-01-22,
2025-01-23,
2025-01-24,
2025-01-25,
2025-01-26,
2025-01-27,
2025-01-28,
2025-01-29,
2025-02-01,
2025-02-02,
2025-02-03,
2025-02-04,
2025-02-05,
2025-02-06,1.790677e-05
2025-02-07,
2025-02-08,3.1108244e-05
2025-02-09,
2025-02-10,
2025-02-11,
2025-02-12,
2025-02-13,5.0830775e-05
2025-02-14,
2025-02-15,1.4868435e-06
2025-02-16,
2025-02-17,
2025-02-18,
2025-02-19,
2025-02-20,
2025-02-21,
2025-02-22,
2025-02-23,
2025-02-24,
2025-02-25,
2025-02-26,
2025-02-27,
2025-02-28,
2025-03-01,
2025-03-02,
2025-03-03,
2025-03-04,
2025-03-05,1.9970348e-06
2025-03-06,
2025-03-07,
2025-03-08,
2025-03-09,
2025-03-10,
2025-03-11,2.0807322e-05
2025-03-12,1.3851538e-05
2025-03-13,
2025-03-14,
2025-03-15,
2025-03-16,
2025-03-17,
2025-03-18,1.3281733e-05
2025-03-19,
2025-03-20,
2025-03-21,8.68409e-06
2025-03-22,
2025-03-23,
2025-03-24,
2025-03-25,
2025-03-26,3.9793074e-05
2025-03-27,
2025-03-28,
2025-03-29,
2025-03-30,
2025-03-31,
2025-04-01,
2025-04-02,
2025-04-03,
2025-04-04,1.8657653e-05
2025-04-05,
2025-04-06,
2025-04-07,4.172912e-07
2025-04-08,1.2975752e-05
2025-04-09,
2025-04-10,
2025-04-11,
2025-04-12,
2025-04-13,
2025-04-14,
2025-04-15,
2025-04-16,
2025-04-17,1.546686e-05
2025-04-18,
2025-04-19,
2025-04-20,
2025-04-21,
2025-04-22,2.8079992e-05
2025-04-23,2.5930369e-05
2025-04-24,1.957676e-05
2025-04-25,
2025-04-26,1.8977016e-05
2025-04-27,2.5057096e-05
2025-04-28,2.3990486e-05
2025-04-29,3.3202512e-05
2025-04-30,1.8681596e-05
2025-05-01,
2025-05-02,
2025-05-03,
2025-05-04,
2025-05-05,2.0115982e-05
2025-05-06,
2025-05-07,
2025-05-08,
2025-05-09,
2025-05-10,1.4905797e-05
2025-05-11,
2025-05-12,
2025-05-13,
2025-05-14,1.2610306e-05
2025-05-15,
2025-05-16,
2025-05-17,3.0959036e-05
2025-05-18,1.4072845e-05
2025-05-19,
2025-05-20,
2025-05-21,
2025-05-22,
2025-05-23,
2025-05-24,
2025-05-25,
2025-05-26,
2025-05-27,
2025-05-28,1.7927256e-05
2025-05-29,2.8380775e-05
2025-05-30,2.9154713e-05
2025-05-31,
2025-06-01,
2025-06-02,
2025-06-03,
2025-06-04,1.1687197e-05
2025-06-05,2.5607804e-05
2025-06-06,1.5330972e-05
2025-06-07,
2025-06-08,1.8999888e-05
2025-06-09,
2025-06-10,1.054938e-05
2025-06-11,7.631631e-06
2025-06-12,9.708577e-06
2025-06-13,
2025-06-14,
2025-06-15,1.6917798e-05
2025-06-16,1.67554e-05
2025-06-17,1.2419055e-05
2025-06-18,4.7062073e-05
2025-06-19,
2025-06-20,
2025-06-21,1.4719078e-05
2025-06-22,
2025-06-23,1.1179542e-05
2025-06-24,1.9178704e-05
2025-06-25,
2025-06-26,
2025-06-27,
2025-06-28,
2025-06-29,
2025-06-30,6.269987e-06
2025-07-01,1.6119307e-05
2025-07-02,2.343991e-05
2025-07-03,
2025-07-04,
2025-07-05,3.136174e-05
2025-07-06,
2025-07-07,-7.611842e-05
2025-07-08,2.648494e-05
2025-07-09,2.3388086e-05
2025-07-10,2.1980723e-05
2025-07-11,2.1809004e-05
2025-07-12,
2025-07-13,-1.4436052e-06
2025-07-14,3.164042e-05
2025-07-15,
2025-07-16,1.4809425e-05
2025-07-17,2.286882e-05
2025-07-18,2.1565975e-05
2025-07-19,1.2809164e-05
2025-07-20,3.3676464e-05
2025-07-21,1.8778846e-05
2025-07-22,9.566147e-06
2025-07-23,1.5951076e-05
2025-07-24,-1.9171432e-06
2025-07-25,
2025-07-26,8.84909e-06
2025-07-27,1.3100124e-05
2025-07-28,1.558342e-05
2025-07-29,
2025-07-30,2.263275e-05
2025-07-31,2.263534e-05
2025-08-01,2.505922e-05
2025-08-02,2.509839e-05
2025-08-03,6.276441e-06
2025-08-04,
2025-08-05,
2025-08-06,-3.568622e-07
2025-08-07,1.1547441e-05
2025-08-08,-1.926065e-05
2025-08-09,2.436963e-05
2025-08-10,2.2770326e-05
2025-08-11,2.7224683e-05
2025-08-12,1.951697e-05
2025-08-13,1.6087e-05
2025-08-14,2.245913e-05
2025-08-15,2.0566247e-05
2025-08-16,9.635056e-06
2025-08-17,-2.2265796e-05
2025-08-18,
2025-08-19,
2025-08-20,7.0578462e-06
2025-08-21,
2025-08-22,5.646204e-06
2025-08-23,9.816109e-06
2025-08-24,7.754574e-06
2025-08-25,1.7044396e-05
2025-08-26,4.808887e-05
2025-08-27,4.606349e-05
2025-08-28,1.6854394e-05
2025-08-29,3.3183514e-05
2025-08-30,
2025-08-31,1.0716159e-05
2025-09-01,1.0056966e-05
2025-09-02,1.09652365e-05
2025-09-03,2.8754435e-05
2025-09-04,1.2233079e-05
2025-09-05,2.0857417e-05
2025-09-06,2.5056019e-05
2025-09-07,1.9035875e-05
2025-09-08,5.4985735e-06
2025-09-09,4.69006e-05
2025-09-10,
2025-09-11,1.0712901e-05
2025-09-12,2.7622957e-05
2025-09-13,2.1047113e-05
2025-09-14,2.3815153e-05
2025-09-15,1.3206248e-05
2025-09-16,
2025-09-17,
2025-09-18,
2025-09-19,
2025-09-20,
2025-09-21,1.1336947e-05
2025-09-22,1.4591415e-05
2025-09-23,2.4432536e-06
2025-09-24,3.6946414e-05
2025-09-25,1.2815156e-05
2025-09-26,3.8205686e-05
2025-09-27,2.8449056e-05
2025-09-28,-1.0519759e-06
2025-09-29,
2025-09-30,
2025-10-01,
2025-10-02,1.4363215e-05
2025-10-03,3.4205736e-05
2025-10-04,2.9239342e-05
2025-10-05,1.2716135e-05
2025-10-06,
2025-10-07,2.170527e-05
2025-10-08,3.0388752e-05
2025-10-09,2.9775083e-05
2025-10-10,1.2362506e-05
2025-10-11,6.176407e-06
2025-10-12,
2025-10-13,
2025-10-14,
2025-10-15,2.205e-05
2025-10-16,2.7120823e-05
2025-10-17,1.5430933e-05
2025-10-18,
